<root>
<demos>
    <demo01>
        <pages>
            <item>about-porto</item>
            <item>about-porto-1</item>
            <item>no-route-2</item>
            <item>porto_home_1</item>
        </pages>
        <blocks>
            <item>porto_custom_notice</item>
            <item>porto_custom_block_for_header_top</item>
            <item>porto_custom_block_for_header</item>
            <item>footer_middle_about_us</item>
            <item>footer_middle_contact_info</item>
            <item>footer_middle_customer_service</item>
            <item>footer_middle_popular_tags</item>
            <item>footer_bottom_block</item>
            <item>porto_category_side_custom_block</item>
            <item>porto_product_side_custom_block</item>
            <item>porto_custom_menu_before</item>
            <item>porto_custom_menu</item>
            <item>banner_category_demo1</item>
            <item>porto_custom_tab</item>
        </blocks>
    </demo01>
    <demo02>
        <pages>
            <item>about-porto</item>
            <item>about-porto-2</item>
            <item>no-route-2</item>
            <item>porto_home_2</item>
        </pages>
        <blocks>
            <item>porto_custom_notice</item>
            <item>porto_custom_block_for_header_top</item>
            <item>porto_custom_block_for_header_2</item>
            <item>footer_middle_contact_info</item>
            <item>footer_middle_groups</item>
            <item>footer_bottom_custom_2</item>
            <item>porto_category_side_custom_block</item>
            <item>porto_product_side_custom_block</item>
            <item>porto_custom_menu_before</item>
            <item>porto_custom_menu</item>
            <item>banner_category_demo2</item>
            <item>porto_custom_tab</item>
        </blocks>
    </demo02>
    <demo03>
        <pages>
            <item>about-porto</item>
            <item>about-porto-3</item>
            <item>no-route-2</item>
            <item>porto_home_3</item>
        </pages>
        <blocks>
            <item>porto_custom_block_for_header_top</item>
            <item>porto_custom_block_for_header</item>
            <item>footer_top_block</item>
            <item>footer_middle_contact_info</item>
            <item>footer_middle_my_account</item>
            <item>footer_middle_main_features</item>
            <item>porto_footer_bottom_custom_block_2</item>
            <item>banner_category_demo3</item>
            <item>porto_category_side_custom_block</item>
            <item>porto_product_side_custom_block</item>
            <item>porto_custom_menu_before</item>
            <item>porto_custom_menu</item>
            <item>porto_custom_tab</item>
        </blocks>
    </demo03>
    <demo04>
        <pages>
            <item>about-porto</item>
            <item>about-porto-4</item>
            <item>no-route-2</item>
            <item>porto_home_4</item>
        </pages>
        <blocks>
            <item>porto_custom_notice</item>
            <item>porto_custom_block_for_header_4</item>
            <item>footer_middle_contact_info</item>
            <item>footer_middle_customer_service</item>
            <item>footer_middle_popular_tags</item>
            <item>footer_middle_newsletter</item>
            <item>footer_bottom_block</item>
            <item>porto_category_side_custom_block</item>
            <item>porto_product_side_custom_block</item>
            <item>porto_custom_menu_before</item>
            <item>porto_custom_menu</item>
            <item>porto_fashion_category_banner_demo5</item>
            <item>porto_category_banner_fashion</item>
            <item>porto_custom_tab</item>
            <item>porto_about_us_4_top_block</item>
        </blocks>
    </demo04>
    <demo05>
        <pages>
            <item>about-porto</item>
            <item>about-porto-4</item>
            <item>no-route-2</item>
            <item>porto_home_5</item>
        </pages>
        <blocks>
            <item>porto_custom_notice</item>
            <item>porto_custom_block_for_header_top</item>
            <item>porto_custom_block_for_header_5</item>
            <item>footer_middle_contact_info</item>
            <item>footer_middle_groups</item>
            <item>porto_footer_bottom_custom_block_5</item>
            <item>porto_category_side_custom_block</item>
            <item>porto_product_side_custom_block</item>
            <item>porto_custom_menu_before</item>
            <item>porto_custom_menu</item>
            <item>banner_category_demo5</item>
            <item>porto_custom_tab</item>
            <item>porto_about_us_4_top_block</item>
        </blocks>
    </demo05>
    <demo06>
        <pages>
            <item>about-porto</item>
            <item>about-porto-4</item>
            <item>no-route-2</item>
            <item>porto_home_6</item>
        </pages>
        <blocks>
            <item>porto_custom_notice</item>
            <item>footer_middle_group_demo6</item>
            <item>porto_category_side_custom_block</item>
            <item>porto_product_side_custom_block</item>
            <item>porto_custom_menu_before</item>
            <item>porto_custom_menu</item>
            <item>banner_category_demo6</item>
            <item>porto_custom_tab</item>
            <item>porto_about_us_4_top_block</item>
        </blocks>
    </demo06>
    <demo07>
        <pages>
            <item>about-porto</item>
            <item>about-porto-7</item>
            <item>no-route-2</item>
            <item>porto_home_7</item>
        </pages>
        <blocks>
            <item>porto_custom_notice</item>
            <item>porto_custom_block_for_header_top</item>
            <item>porto_custom_block_for_header_6</item>
            <item>footer_middle_about_us_2</item>
            <item>footer_middle_customer_service</item>
            <item>footer_middle_latest_post</item>
            <item>footer_middle_newsletter</item>
            <item>porto_footer_bottom_custom_block_2</item>
            <item>porto_category_side_custom_block</item>
            <item>porto_product_side_custom_block</item>
            <item>porto_custom_menu_before</item>
            <item>porto_custom_menu</item>
            <item>banner_category_demo7</item>
            <item>porto_custom_tab</item>
            <item>porto_about_us_7_top_block</item>
        </blocks>
    </demo07>
    <demo08>
        <pages>
            <item>about-porto</item>
            <item>about-porto-8</item>
            <item>no-route-2</item>
            <item>porto_home_8</item>
        </pages>
        <blocks>
            <item>porto_custom_notice2</item>
            <item>porto_custom_block_for_header_top</item>
            <item>porto_custom_block_for_header</item>
            <item>footer_middle_contact_info_basic</item>
            <item>footer_middle_customer_service1</item>
            <item>footer_middle_customer_service12</item>
            <item>footer_middle_newsletter</item>
            <item>porto_footer_bottom_custom_block_2</item>
            <item>porto_category_side_custom_block</item>
            <item>porto_product_side_custom_block</item>
            <item>porto_footer_bottom_custom_block</item>
            <item>porto_category_side_custom_block</item>
            <item>porto_custom_menu_before</item>
            <item>porto_custom_menu</item>
            <item>banner_category_demo8</item>
            <item>porto_custom_tab</item>
            <item>porto_about_us_8_top_block</item>
        </blocks>
    </demo08>
    <demo09>
        <pages>
            <item>about-porto</item>
            <item>about-porto-9</item>
            <item>no-route-2</item>
            <item>porto_home_9</item>
        </pages>
        <blocks>
            <item>porto_custom_notice3</item>
            <item>porto_custom_block_for_header_9</item>
            <item>custom_menu_block_header7</item>
            <item>footer_middle_contact_info</item>
            <item>footer_middle_customer_service</item>
            <item>footer_middle_main_features2</item>
            <item>footer_middle_popular_tags</item>
            <item>porto_footer_bottom_custom_block_2</item>
            <item>porto_category_side_custom_block</item>
            <item>porto_product_side_custom_block</item>
            <item>porto_custom_menu_before</item>
            <item>porto_custom_menu</item>
            <item>banner_category_demo9</item>
            <item>porto_custom_tab</item>
            <item>porto_about_us_9_top_block</item>
        </blocks>
    </demo09>
    <demo10>
        <pages>
            <item>about-porto</item>
            <item>about-porto-2</item>
            <item>no-route-2</item>
            <item>porto_home_10</item>
        </pages>
        <blocks>
            <item>porto_custom_notice</item>
            <item>porto_custom_block_for_header_10</item>
            <item>porto_footer_top_custom_block</item>
            <item>footer_middle_contact_info</item>
            <item>footer_middle_groups2</item>
            <item>porto_footer_bottom_custom_block_10</item>
            <item>porto_category_side_custom_block</item>
            <item>porto_product_side_custom_block</item>
            <item>porto_custom_menu_before</item>
            <item>porto_custom_menu</item>
            <item>banner_category_demo9</item>
            <item>porto_custom_tab</item>
        </blocks>
    </demo10>
    <demo11>
        <pages>
            <item>about-porto</item>
            <item>about-porto-2</item>
            <item>no-route-2</item>
            <item>porto_home_11</item>
        </pages>
        <blocks>
            <item>porto_custom_notice</item>
            <item>porto_custom_block_for_header_top2</item>
            <item>footer_middle_groups3</item>
            <item>porto_footer_bottom_custom_block_11</item>
            <item>porto_category_side_custom_block</item>
            <item>porto_product_side_custom_block</item>
            <item>banner_category_demo11</item>
            <item>porto_custom_menu_before</item>
            <item>porto_custom_menu</item>
            <item>porto_custom_tab</item>
        </blocks>
    </demo11>
    <demo12>
        <pages>
            <item>about-porto</item>
            <item>about-porto-2</item>
            <item>no-route-2</item>
            <item>porto_home_12</item>
        </pages>
        <blocks>
            <item>porto_custom_notice</item>
            <item>porto_custom_block_for_header</item>
            <item>porto_custom_block_header_top</item>
            <item>footer_middle_contact_info</item>
            <item>footer_middle_customer_service</item>
            <item>footer_middle_popular_tags</item>
            <item>footer_middle_newsletter</item>
            <item>porto_footer_bottom_custom_block_2</item>
            <item>porto_category_side_custom_block</item>
            <item>porto_product_side_custom_block</item>
            <item>porto_custom_menu_before</item>
            <item>porto_custom_menu</item>
            <item>banner_category_demo12</item>
            <item>porto_custom_tab</item>
        </blocks>
    </demo12>
    <demo13>
        <pages>
            <item>about-porto</item>
            <item>about-porto-13</item>
            <item>no-route-2</item>
            <item>porto_home_13</item>
        </pages>
        <blocks>
            <item>porto_custom_block_for_header_3</item>
            <item>porto_custom_notice4</item>
            <item>porto_custom_block_for_header_top</item>
            <item>porto_custom_block_for_header_3</item>
            <item>footer_middle_about_us</item>
            <item>footer_middle_contact_info</item>
            <item>footer_middle_customer_service</item>
            <item>footer_middle_popular_tags</item>
            <item>porto_footer_bottom_custom_block_2</item>
            <item>porto_category_side_custom_block</item>
            <item>porto_product_side_custom_block</item>
            <item>porto_custom_menu_before</item>
            <item>porto_custom_menu</item>
            <item>banner_category_demo13</item>
            <item>porto_custom_tab</item>
            <item>porto_about_us_13_top_block</item>
        </blocks>
    </demo13>
    <demo14>
        <pages>
            <item>about-porto</item>
            <item>about-porto-3</item>
            <item>no-route-2</item>
            <item>porto_home_14</item>
        </pages>
        <blocks>
            <item>porto_custom_notice5</item>
            <item>porto_custom_block_for_header_top</item>
            <item>porto_custom_block_for_header</item>
            <item>footer_middle_contact_info</item>
            <item>footer_middle_groups</item>
            <item>porto_footer_bottom_custom_block_2</item>
            <item>porto_category_side_custom_block</item>
            <item>porto_product_side_custom_block</item>
            <item>porto_product_side_custom_block</item>
            <item>porto_custom_menu_before</item>
            <item>porto_custom_menu</item>
            <item>banner_category_demo14</item>
            <item>porto_custom_tab</item>
        </blocks>
    </demo14>
    <demo15>
        <pages>
            <item>about-porto</item>
            <item>about-porto-15</item>
            <item>no-route-2</item>
            <item>porto_home_15</item>
        </pages>
        <blocks>
            <item>footer_middle_groups4</item>
            <item>porto_custom_block_for_header_top</item>
            <item>porto_custom_block_for_header</item>
            <item>footer_middle_groups4</item>
            <item>porto_footer_bottom_custom_block_2</item>
            <item>porto_category_side_custom_block</item>
            <item>porto_product_side_custom_block</item>
            <item>porto_custom_menu_before</item>
            <item>porto_custom_menu</item>
            <item>banner_category_demo15</item>
            <item>porto_custom_tab</item>
        </blocks>
    </demo15>
    <demo16>
        <pages>
            <item>about-porto</item>
            <item>about-porto-16</item>
            <item>no-route-2</item>
            <item>porto_home_16</item>
        </pages>
        <blocks>
            <item>porto_custom_notice</item>
            <item>porto_custom_block_for_header_top2</item>
            <item>porto_custom_block_for_header_7</item>
            <item>footer_middle_groups5</item>
            <item>porto_footer_bottom_custom_block_2</item>
            <item>porto_category_side_custom_block</item>
            <item>porto_product_side_custom_block</item>
            <item>porto_custom_menu_before</item>
            <item>porto_custom_menu</item>
            <item>banner_category_demo16</item>
            <item>porto_custom_tab</item>
            <item>porto_about_us_16_top_block</item>
        </blocks>
    </demo16>
    <demo17>
        <pages>
            <item>about-porto</item>
            <item>about-porto-2</item>
            <item>no-route-2</item>
            <item>porto_home_17</item>
        </pages>
        <blocks>
            <item>porto_custom_notice6</item>
            <item>porto_custom_block_for_header_top3</item>
            <item>porto_custom_block_for_header_8</item>
            <item>footer_top_block2</item>
            <item>footer_middle_about_us_3</item>
            <item>footer_middle_my_account_2</item>
            <item>footer_middle_about_us_4</item>
            <item>footer_middle_main_features3</item>
            <item>porto_footer_bottom_custom_block_2</item>
            <item>porto_category_side_custom_block</item>
            <item>porto_product_side_custom_block</item>
            <item>porto_custom_menu_before</item>
            <item>porto_custom_menu</item>
            <item>banner_category_demo17</item>
            <item>porto_custom_tab</item>
        </blocks>
    </demo17>
    <demo18>
        <pages>
            <item>about-porto</item>
            <item>about-porto-18</item>
            <item>no-route-2</item>
            <item>porto_home_18</item>
        </pages>
        <blocks>
            <item>porto_custom_notice</item>
            <item>porto_custom_block_for_header_top</item>
            <item>porto_custom_block_for_header</item>
            <item>footer_middle_about_us_5</item>
            <item>footer_middle_my_account_3</item>
            <item>footer_middle_about_us_6</item>
            <item>footer_middle_main_features4</item>
            <item>porto_category_side_custom_block</item>
            <item>porto_product_side_custom_block</item>
            <item>porto_custom_menu_before</item>
            <item>porto_custom_menu</item>
            <item>banner_category_demo18</item>
            <item>porto_custom_tab</item>
            <item>porto_about_us_18_top_block</item>
        </blocks>
    </demo18>
    <demo19>
        <pages>
            <item>about-porto</item>
            <item>about-porto-19</item>
            <item>no-route-2</item>
            <item>porto_home_19</item>
        </pages>
        <blocks>
            <item>porto_custom_notice7</item>
            <item>porto_custom_block_for_header_top</item>
            <item>porto_custom_block_for_header</item>
            <item>footer_top_block</item>
            <item>footer_middle_contact_info</item>
            <item>footer_middle_my_account</item>
            <item>footer_middle_main_features</item>
            <item>porto_footer_bottom_custom_block_2</item>
            <item>porto_category_side_custom_block</item>
            <item>porto_product_side_custom_block</item>
            <item>porto_custom_menu_before</item>
            <item>porto_custom_menu</item>
            <item>banner_category_demo19</item>
            <item>porto_custom_tab</item>
        </blocks>
    </demo19>
    <demo20>
        <pages>
            <item>about-porto</item>
            <item>about-porto-20</item>
            <item>no-route-2</item>
            <item>porto_home_20</item>
        </pages>
        <blocks>
            <item>porto_custom_notice8</item>
            <item>porto_custom_block_for_header_top4</item>
            <item>porto_custom_block_for_header</item>
            <item>footer_top_block4</item>
            <item>porto_footer_logo</item>
            <item>footer_custom_link</item>
            <item>footer_middle_contact_info2</item>
            <item>porto_footer_bottom_custom_block_2</item>
            <item>porto_product_side_custom_block</item>
            <item>porto_custom_menu_before</item>
            <item>porto_custom_menu</item>
            <item>banner_category_demo20</item>
            <item>porto_custom_tab</item>
            <item>porto_about_us_20_top_block</item>
        </blocks>
    </demo20>
    <demo21>
        <pages>
            <item>about-porto</item>
            <item>about-porto-3</item>
            <item>no-route-2</item>
            <item>porto_home_21</item>
        </pages>
        <blocks>
            <item>porto_custom_notice</item>
            <item>footer_top_block5</item>
            <item>footer_middle_contact_info3</item>
            <item>footer_middle_categories</item>
            <item>footer_middle_about_us_7</item>
            <item>footer_middle_customer_care</item>
            <item>porto_footer_bottom_custom_block_3</item>
            <item>porto_custom_menu_before</item>
            <item>porto_custom_menu</item>
            <item>banner_category_demo21</item>
            <item>porto_custom_tab</item>
        </blocks>
    </demo21>
    <demo22>
        <pages>
            <item>about-porto</item>
            <item>about-porto-3</item>
            <item>no-route-2</item>
            <item>porto_home_22</item>
        </pages>
        <blocks>
            <item>porto_custom_block_for_header_top</item>
            <item>porto_custom_notice9</item>
            <item>porto_custom_block_for_header_11</item>
            <item>porto_custom_block_header_menu</item>
            <item>footer_middle_contact_info4</item>
            <item>footer_middle_my_account_4</item>
            <item>footer_middle_about_us_8</item>
            <item>footer_middle_newsletter</item>
            <item>porto_footer_bottom_custom_block_4</item>
            <item>porto_custom_menu_before</item>
            <item>porto_custom_menu</item>
            <item>banner_category_demo22</item>
            <item>porto_custom_tab</item>
        </blocks>
    </demo22>
    <demo23>
        <pages>
            <item>about-porto</item>
            <item>about-porto-3</item>
            <item>no-route-2</item>
            <item>porto_home_23</item>
        </pages>
        <blocks>
            <item>porto_custom_notice10</item>
            <item>footer_middle_contact_info5</item>
            <item>footer_middle_my_account_5</item>
            <item>footer_middle_groups6</item>
            <item>footer_middle_main_features5</item>
            <item>porto_footer_middle_2_1_for_24</item>
            <item>porto_custom_menu_before</item>
            <item>porto_custom_menu</item>
            <item>banner_category_demo23</item>
            <item>porto_custom_tab</item>
            <item>porto_category_side_custom_block_24</item>
        </blocks>
    </demo23>
    <demo24>
        <pages>
            <item>about-porto</item>
            <item>about-porto-3</item>
            <item>no-route-2</item>
            <item>porto_home_24</item>
        </pages>
        <blocks>
            <item>porto_custom_notice11</item>
            <item>porto_custom_block_for_header_11</item>
            <item>porto_custom_block_header_menu2</item>
            <item>footer_middle_contact_info6</item>
            <item>footer_middle_my_account_2</item>
            <item>footer_middle_about_us_4</item>
            <item>footer_middle_main_features3</item>
            <item>porto_footer_bottom_custom_block_12</item>
            <item>porto_custom_menu_before</item>
            <item>porto_custom_menu</item>
            <item>porto_custom_tab</item>
            <item>porto_category_side_custom_block</item>
            <item>porto_product_side_custom_block_demo24</item>
            <item>banner_category_demo24</item>
        </blocks>
    </demo24>
    <demo25>
        <pages>
            <item>about-porto</item>
            <item>about-porto-3</item>
            <item>no-route-2</item>
            <item>porto_home_25</item>
        </pages>
        <blocks>
            <item>porto_custom_notice12</item>
            <item>porto_custom_block_for_header_12</item>
            <item>porto_custom_block_for_header_top</item>
            <item>footer_middle_contact_info7</item>
            <item>footer_middle_my_account_2</item>
            <item>footer_middle_about_us_4</item>
            <item>footer_middle_main_features3</item>
            <item>porto_footer_bottom_custom_block_12</item>
            <item>porto_custom_menu_before</item>
            <item>porto_custom_menu</item>
            <item>porto_custom_tab</item>
            <item>porto_category_side_custom_block</item>
            <item>porto_product_side_custom_block</item>
            <item>banner_category_demo25</item>
        </blocks>
    </demo25>
    <demo26>
        <pages>
            <item>about-porto</item>
            <item>about-porto-3</item>
            <item>no-route-2</item>
            <item>porto_home_26</item>
        </pages>
        <blocks>
            <item>porto_custom_notice13</item>
            <item>footer_top_block6</item>
            <item>footer_middle_about_us_5</item>
            <item>footer_middle_my_account_3</item>
            <item>footer_middle_about_us_6</item>
            <item>footer_middle_main_features4</item>
            <item>porto_custom_menu_before</item>
            <item>porto_custom_menu</item>
            <item>porto_custom_tab</item>
            <item>porto_category_side_custom_block</item>
            <item>porto_product_side_custom_block</item>
            <item>banner_category_demo26</item>
        </blocks>
    </demo26>
    <demo27>
        <pages>
            <item>about-porto</item>
            <item>about-porto-3</item>
            <item>no-route-2</item>
            <item>porto_home_27</item>
        </pages>
        <blocks>
            <item>porto_custom_notice14</item>
            <item>footer_top_block7</item>
            <item>porto_footer_logo_black</item>
            <item>footer_middle_contact_info8</item>
            <item>footer_middle_groups7</item>
            <item>footer_middle_main_features6</item>
            <item>porto_footer_bottom_custom_block_13</item>
            <item>porto_category_side_custom_block</item>
            <item>banner_category_demo27</item>
            <item>porto_custom_menu_before</item>
            <item>porto_custom_menu</item>
            <item>porto_custom_tab</item>
            <item>porto_product_side_custom_block_demo27</item>
        </blocks>
    </demo27>
    <demo28>
        <pages>
            <item>about-porto</item>
            <item>about-porto-3</item>
            <item>no-route-2</item>
            <item>porto_home_28</item>
        </pages>
        <blocks>
            <item>porto_custom_notice</item>
            <item>porto_custom_block_for_header_top</item>
      			<item>porto_custom_block_for_header_13</item>
      			<item>porto_custom_block_2_for_header_13</item>
            <item>porto_secondary_menu_header_18</item>
            <item>footer_top_block8</item>
            <item>footer_middle_my_account_2</item>
            <item>footer_middle_about_us_4</item>
            <item>footer_middle_main_features3</item>
            <item>footer_middle_follow_us</item>
            <item>porto_footer_bottom_custom_block_3</item>
            <item>porto_custom_menu_before</item>
            <item>porto_custom_menu</item>
            <item>porto_custom_tab</item>
            <item>porto_category_side_custom_block</item>
            <item>porto_product_side_custom_block_demo28</item>
            <item>banner_category_demo28</item>
        </blocks>
    </demo28>
    <demo29>
        <pages>
            <item>about-porto</item>
            <item>about-porto-3</item>
            <item>no-route-2</item>
            <item>porto_home_29</item>
        </pages>
        <blocks>
            <item>porto_custom_notice</item>
            <item>porto_custom_block_for_header_top5</item>
            <item>footer_top_block9</item>
            <item>footer_middle_groups8</item>
            <item>porto_custom_menu</item>
            <item>porto_custom_tab</item>
            <item>porto_category_side_custom_block</item>
            <item>porto_product_side_custom_block</item>
            <item>banner_category_demo29</item>
        </blocks>
    </demo29>
    <demo30>
        <pages>
            <item>about-porto</item>
            <item>about-porto-1</item>
            <item>no-route-2</item>
            <item>porto_home_30</item>
        </pages>
        <blocks>
            <item>porto_custom_notice</item>
            <item>porto_custom_block_for_header_top6</item>
            <item>porto_custom_block_for_header</item>
            <item>block_sidebar_second_content</item>
            <item>footer_top_block10</item>
            <item>footer_middle_freeshipping</item>
            <item>footer_middle_my_account_2</item>
            <item>footer_middle_about_us_4</item>
            <item>footer_middle_follow_payment</item>
            <item>porto_footer_bottom_custom_block_14</item>
            <item>porto_category_side_custom_block</item>
            <item>porto_product_side_custom_block</item>
            <item>porto_custom_menu_before</item>
            <item>porto_custom_menu</item>
            <item>banner_category_demo30</item>
            <item>porto_custom_tab</item>
        </blocks>
    </demo30>
    <demo31>
        <pages>
            <item>about-porto</item>
            <item>about-porto-1</item>
            <item>no-route-2</item>
            <item>porto_home_31</item>
        </pages>
        <blocks>
            <item>porto_custom_notice15</item>
            <item>porto_custom_block_for_header_top</item>
            <item>porto_custom_block_for_header</item>
            <item>footer_middle_contact_info6</item>
            <item>footer_middle_my_account_2</item>
            <item>footer_middle_about_us_4</item>
            <item>footer_middle_main_features3</item>
            <item>porto_footer_bottom_custom_block_12</item>
            <item>porto_category_side_custom_block</item>
            <item>porto_product_side_custom_block</item>
            <item>porto_custom_menu_before</item>
            <item>porto_custom_menu</item>
            <item>banner_category_demo31</item>
            <item>porto_custom_tab</item>
        </blocks>
    </demo31>
    <demo32>
        <pages>
            <item>about-porto</item>
            <item>about-porto-1</item>
            <item>no-route-2</item>
            <item>porto_home_32</item>
        </pages>
        <blocks>
            <item>porto_custom_notice</item>
            <item>porto_custom_block_for_header_top7</item>
            <item>porto_custom_block_for_header</item>
            <item>footer_top_block11</item>
            <item>footer_middle_customer_service2</item>
            <item>footer_middle_my_account_2</item>
            <item>footer_middle_more_information</item>
            <item>footer_middle_follow_payment2</item>
            <item>porto_category_side_custom_block</item>
            <item>porto_product_side_custom_block</item>
            <item>porto_custom_menu_before</item>
            <item>porto_custom_menu</item>
            <item>porto_custom_tab</item>
        </blocks>
    </demo32>
    <demo33>
        <pages>
            <item>about-porto</item>
            <item>about-porto-1</item>
            <item>no-route-2</item>
            <item>porto_home_33</item>
        </pages>
        <blocks>
            <item>porto_custom_notice</item>
            <item>porto_custom_block_for_header_top</item>
            <item>porto_custom_block_for_header_14</item>
            <item>porto_secondary_menu_header_18</item>
            <item>porto_custom_block_header_bottom</item>
            <item>footer_middle_customer_service2</item>
            <item>footer_middle_my_account_2</item>
            <item>footer_middle_more_information</item>
            <item>footer_middle_follow_payment2</item>
            <item>porto_category_side_custom_block</item>
            <item>porto_product_side_custom_block</item>
            <item>porto_custom_menu_before</item>
            <item>porto_custom_menu</item>
            <item>porto_custom_menu_22</item>
            <item>porto_custom_tab</item>
        </blocks>
    </demo33>
    <demo34>
        <pages>
            <item>about-porto</item>
            <item>about-porto-1</item>
            <item>no-route-2</item>
            <item>porto_home_34</item>
        </pages>
        <blocks>
            <item>porto_custom_notice16</item>
            <item>porto_custom_block_for_header_top</item>
            <item>porto_custom_block_for_header_15</item>
            <item>porto_secondary_menu_header_22</item>
            <item>porto_custom_block_header_bottom2</item>
            <item>footer_middle_groups9</item>
            <item>porto_category_side_custom_block</item>
            <item>porto_product_side_custom_block</item>
            <item>porto_custom_menu_before</item>
            <item>porto_secondary_menu_header_18</item>
            <item>porto_custom_menu_22</item>
            <item>porto_custom_tab</item>
        </blocks>
    </demo34>
</demos>
</root>
